{
  "mean": [
    53018.07264878765,
    855.0236145297608,
    320.04797228278983,
    202.2215531339266,
    1.583165080265247,
    0.7508929305002766,
    53737.747979426895,
    252.99577815787075,
    0.7494379579946712,
    0.9871310461013941,
    0.8733169665776995,
    0.799876955523236,
    0.0065651053416605504,
    0.001716540152920642,
    0.6436086826845122,
    0.995050910318882
  ],
  "std": [
    29286.998610694947,
    214.07088549879444,
    85.60107246007762,
    44.966754019123314,
    0.24672524092733836,
    0.09188583509273338,
    29733.164815993983,
    59.1425643366147,
    0.04904275953880059,
    0.0046923582186809455,
    0.05953720409086674,
    0.06168904842095775,
    0.0011272622696195597,
    0.0005963190785636101,
    0.09893601068056682,
    0.004383605847489413
  ]
}